<?xml version="1.0"?>

<!--
 
Copyright (c) Microsoft Corporation. All rights reserved.
THIS CODE IS PROVIDED *AS IS* WITHOUT WARRANTY OF
ANY KIND, EITHER EXPRESS OR IMPLIED, INCLUDING ANY
IMPLIED WARRANTIES OF FITNESS FOR A PARTICULAR
PURPOSE, MERCHANTABILITY, OR NON-INFRINGEMENT.

-->

<allowedextensions>
<extension>ascx</extension>
<extension>asm</extension>
<extension>asmx</extension>
<extension>asp</extension>
<extension>aspx</extension>
<extension>bas</extension>
<extension>bat</extension>
<extension>c</extension>
<extension>cc</extension>
<extension>cls</extension>
<extension>cmd</extension>
<extension>cpp</extension>
<extension>cs</extension>
<extension>css</extension>
<extension>ctc</extension>
<extension>cxx</extension>
<extension>def</extension>
<extension>des</extension>
<extension>dtd</extension>
<extension>frm</extension>
<extension>h</extension>
<extension>hhc</extension>
<extension>hhk</extension>
<extension>hm</extension>
<extension>hpj</extension>
<extension>hpp</extension>
<extension>htc</extension>
<extension>htm</extension>
<extension>html</extension>
<extension>htx</extension>
<extension>hxa</extension>
<extension>hxc</extension>
<extension>hxe</extension>
<extension>hxf</extension>
<extension>hxk</extension>
<extension>hxl</extension>
<extension>hxm</extension>
<extension>hxt</extension>
<extension>hxv</extension>
<extension>hxx</extension>
<extension>i</extension>
<extension>idl</extension>
<extension>inc</extension>
<extension>inf</extension>
<extension>ini</extension>
<extension>inl</extension>
<extension>jav</extension>
<extension>java</extension>
<extension>js</extension>
<extension>jsl</extension>
<extension>log</extension>
<extension>myapp</extension>
<extension>odl</extension>
<extension>pl</extension>
<extension>poc</extension>
<extension>pwd</extension>
<extension>pwt</extension>
<extension>rc</extension>
<extension>resources</extension>
<extension>resx</extension>
<extension>settings</extension>
<extension>sql</extension>
<extension>txt</extension>
<extension>url</extension>
<extension>vb</extension>
<extension>vbs</extension>
<extension>xml</extension>
<extension>xsd</extension>
<extension>xsl</extension>
</allowedextensions>
