﻿<?xml version="1.0" encoding="utf-8"?>
<HelpTOC DTDVersion="1.0" xmlns:msxsl="urn:schemas-microsoft-com:xslt" xmlns:ddue="http://ddue.schemas.microsoft.com/authoring/2003/5">
  <HelpTOCNode Id="e31b8b1e-8138-4abd-b468-4d037e2d4dc8" Title="GomuLibrary" Url="html/d4648875-d41a-783b-d5f4-638df39ee413.htm">
    <HelpTOCNode Id="f7d71323-7048-4a44-aa74-cf722639a6b6" Title="GomuLibrary.IO Namespace" Url="html/182ce0f9-1298-874a-0214-fb55f1006872.htm">
      <HelpTOCNode Title="DiscImageReadMode Enumeration" Url="html/7010d360-920f-e78b-5dd7-e118d8a680ef.htm" />
      <HelpTOCNode Id="3515025b-f010-4cd0-9c3f-6f6c510e5c3f" Title="EntryInfo Class" Url="html/1ce858eb-b443-2cb3-9461-128a66bf827a.htm">
        <HelpTOCNode Title="EntryInfo Members" Url="html/23d085c2-eaa6-8298-fb20-68faf16168e0.htm" />
        <HelpTOCNode Title="EntryInfo Constructor " Url="html/47de1f30-dfdd-ce20-7929-cf4943684c81.htm" />
        <HelpTOCNode Id="f35fbd18-2eb1-48c8-9f88-9e17e8853e4a" Title="EntryInfo Properties " Url="html/1d678262-c89c-7101-ad75-83fcc79841c8.htm">
          <HelpTOCNode Title="IsDirectory Property " Url="html/074c0369-cd3b-93ec-1440-624565bdf6e2.htm" />
          <HelpTOCNode Title="IsHidden Property " Url="html/fcc2028f-1d02-3c63-5623-360d89429cc4.htm" />
          <HelpTOCNode Title="LastWriteAccess Property " Url="html/1d3c1c4e-28d7-77d2-ef3e-94969317b054.htm" />
          <HelpTOCNode Title="Path Property " Url="html/32a45d96-2387-ae57-d926-a4e0683d6b1c.htm" />
        </HelpTOCNode>
      </HelpTOCNode>
      <HelpTOCNode Id="ef215dc8-93d7-43cd-99c0-540b7b160a23" Title="Iso9660FileExtractEventArgs Class" Url="html/6ceb89d5-c799-029b-be72-c294e1388587.htm">
        <HelpTOCNode Title="Iso9660FileExtractEventArgs Members" Url="html/ca4e8e78-517f-a0c6-fc33-1ca76e07fff1.htm" />
        <HelpTOCNode Id="6e534c5d-18cf-49e5-94b3-d7e2e3d21a1d" Title="Iso9660FileExtractEventArgs Constructor " Url="html/782b41d5-faad-2d2d-5d3b-4afd2e1968b4.htm">
          <HelpTOCNode Title="Iso9660FileExtractEventArgs Constructor " Url="html/dfa09e7e-49a9-1911-3f5d-ac82e3df89df.htm" />
          <HelpTOCNode Title="Iso9660FileExtractEventArgs Constructor (String, UInt32, UInt32, UInt32, String, Int32)" Url="html/ea3b38c0-1d1a-d8a8-fae1-e375a3b7077f.htm" />
        </HelpTOCNode>
        <HelpTOCNode Id="d04ab0ad-822c-41ee-b4cb-69b028ce3184" Title="Iso9660FileExtractEventArgs Properties " Url="html/91ce4887-7c74-1920-f6c7-1531cf2c7c87.htm">
          <HelpTOCNode Title="CurrentFileIndex Property " Url="html/4d081015-c029-32fb-18b0-6f265fbbae7d.htm" />
          <HelpTOCNode Title="File Property " Url="html/85d060d7-c269-f3d8-3a97-b6e5bd4c7e8e.htm" />
          <HelpTOCNode Title="Length Property " Url="html/749f0d0c-4352-1a86-d64e-dea662439929.htm" />
          <HelpTOCNode Title="Output Property " Url="html/6399f0be-c8be-4eb6-d752-acfbda307247.htm" />
          <HelpTOCNode Title="Position Property " Url="html/ad00112c-0670-5cca-699a-17802fab8031.htm" />
          <HelpTOCNode Title="StartOffset Property " Url="html/7360c3e4-9b4e-49dd-cf93-94ae22bfbc21.htm" />
        </HelpTOCNode>
      </HelpTOCNode>
      <HelpTOCNode Id="c2e90866-d025-4948-ae57-39e88d29b862" Title="Iso9660Reader Class" Url="html/943d4d04-a7fe-8910-5acd-4b9e58e54327.htm">
        <HelpTOCNode Title="Iso9660Reader Members" Url="html/61e140c5-1acf-0b5b-b316-a4f3c66a905d.htm" />
        <HelpTOCNode Title="Iso9660Reader Constructor " Url="html/1fc09ffa-5ada-2e80-a8be-0e68b5778aa7.htm" />
        <HelpTOCNode Id="159ad34d-c147-456d-8469-6d8ca5d0bddc" Title="Iso9660Reader Fields" Url="html/32f47d49-22c3-9fb0-a2c4-20b2b85f0509.htm">
          <HelpTOCNode Title="_basicFilesInfo Field" Url="html/fe24c158-5d1c-c1fd-a474-01bc700f8ae3.htm" />
          <HelpTOCNode Title="_tableRecords Field" Url="html/ab699b05-a80d-2b39-5532-430e85ee0d74.htm" />
          <HelpTOCNode Title="ISO_SECTOR_SIZE Field" Url="html/a3573c7a-fd9e-b1ea-ae10-c80f28d3d61f.htm" />
        </HelpTOCNode>
        <HelpTOCNode Id="1a6d21cc-8e00-46ce-ac7a-b4aa2b7f0260" Title="Iso9660Reader Methods " Url="html/3c65b8f1-8331-469c-dbb9-4379fcc94c51.htm">
          <HelpTOCNode Title="CloseDiscImageFile Method " Url="html/770496b3-8021-6fb2-5c7c-90c388a7da0a.htm" />
          <HelpTOCNode Id="0ec3beba-bae3-4905-aa35-873c1b223989" Title="Dispose Method " Url="html/79325523-7718-ec04-2681-df029d6f93a2.htm">
            <HelpTOCNode Title="Dispose Method " Url="html/3529f2b3-8a06-5cf8-f527-f5768c8135fd.htm" />
            <HelpTOCNode Title="Dispose Method (Boolean)" Url="html/ee1029af-856f-34c7-2e73-bd524f3cb854.htm" />
          </HelpTOCNode>
          <HelpTOCNode Title="GetFileSystemEntries Method " Url="html/843c55ca-77b1-b072-3691-0945da63de2e.htm" />
          <HelpTOCNode Title="GetTable Method " Url="html/81f558c6-9fcb-2fa4-cccb-4e108a0c032f.htm" />
          <HelpTOCNode Title="ReadFile Method " Url="html/88123cf1-aefe-656b-3030-41e0abe14e93.htm" />
          <HelpTOCNode Title="ReadSectors Method " Url="html/47586090-f99c-5d1d-ec5d-0c9faf3ee3fd.htm" />
          <HelpTOCNode Title="ReadVolumeDescriptor Method " Url="html/f79f7378-6087-bc27-ef5f-83d772937155.htm" />
        </HelpTOCNode>
        <HelpTOCNode Id="6c019b8b-576d-4493-b146-04fa2966c49d" Title="Iso9660Reader Properties " Url="html/1ba73c07-4168-0044-6d66-ec0ac99757e3.htm">
          <HelpTOCNode Title="AutoThreadEvent Property " Url="html/c82f478a-f19d-9f0a-51c4-e3c52504d816.htm" />
          <HelpTOCNode Title="BaseBinaryReader Property " Url="html/fd30491d-9dee-c113-ca01-dada7ebab18f.htm" />
          <HelpTOCNode Title="BaseFileStream Property " Url="html/b3d64581-839d-83e7-97c4-20891f96990a.htm" />
          <HelpTOCNode Title="DataBeginSector Property " Url="html/e8f3dd69-ad8d-4f64-d60b-436a34505530.htm" />
          <HelpTOCNode Title="DiscFilename Property " Url="html/9bd70748-94a0-5183-ffae-acff9f1045d3.htm" />
          <HelpTOCNode Title="SectorSize Property " Url="html/0515afaf-5e31-b130-4856-c39f1a08c6e0.htm" />
        </HelpTOCNode>
        <HelpTOCNode Id="22528e8f-0868-4d6e-a85b-725a57453842" Title="Iso9660Reader Events" Url="html/5cc9a620-9586-fe09-d407-48a6bb97b84d.htm">
          <HelpTOCNode Title="Aborted Event" Url="html/f7a4c979-4682-0d72-f316-0b1a5d09226e.htm" />
          <HelpTOCNode Title="Reading Event" Url="html/e08bb3cf-99cb-f05d-8fb0-4dd96cf3bfe1.htm" />
        </HelpTOCNode>
      </HelpTOCNode>
      <HelpTOCNode Id="d06822c4-d799-4213-bb92-ae09b8fe4490" Title="SimpleIso9660Reader Class" Url="html/c0e95203-09d2-00da-25d5-3d672c3f9f19.htm">
        <HelpTOCNode Title="SimpleIso9660Reader Members" Url="html/af54fd08-3eee-a436-7a5e-5bf30bb56b59.htm" />
        <HelpTOCNode Title="SimpleIso9660Reader Constructor " Url="html/81e2949f-808c-1427-b2ba-db1247e8853c.htm" />
        <HelpTOCNode Id="3e2c39ac-edb2-4362-b878-9a511d9b9268" Title="SimpleIso9660Reader Methods " Url="html/3181274f-cd69-3bea-d407-0c094e0168ef.htm">
          <HelpTOCNode Title="Abort Method " Url="html/f5c6a12d-c7fb-db43-ba9d-8d91c3698e6c.htm" />
          <HelpTOCNode Title="Close Method " Url="html/d85f342f-4856-60bf-3c14-4a6656aaddc7.htm" />
          <HelpTOCNode Title="Dispose Method " Url="html/d1122c59-8df2-da0a-3fc7-6f6139e920b1.htm" />
          <HelpTOCNode Id="33df7fbc-5901-4000-a12f-99b114c8a348" Title="ExtractFile Method " Url="html/a29a24ae-6ceb-4ccd-36d4-a2b6f6f9ee40.htm">
            <HelpTOCNode Title="ExtractFile Method (String, String)" Url="html/41573aeb-8746-3738-4966-67c5de40f7b3.htm" />
            <HelpTOCNode Title="ExtractFile Method (String, String, Boolean)" Url="html/31fe7452-a319-205f-5393-cc815a21463b.htm" />
          </HelpTOCNode>
          <HelpTOCNode Id="2833a1d9-c656-4bbc-a8e7-0cb7b323b3a7" Title="ExtractFullImage Method " Url="html/c74ed30f-11fc-6cac-ad92-85caf7cecded.htm">
            <HelpTOCNode Title="ExtractFullImage Method (String)" Url="html/8661849b-579f-162c-1414-a94cb5edcbc7.htm" />
            <HelpTOCNode Title="ExtractFullImage Method (String, Boolean)" Url="html/b639696d-b213-f547-b71d-e2032c30ec3b.htm" />
          </HelpTOCNode>
          <HelpTOCNode Id="14000c2e-3d7b-428e-b53d-bffd3b3d248d" Title="GetDirectories Method " Url="html/369698ee-9d08-cfeb-49ea-2dbf0cf8453a.htm">
            <HelpTOCNode Title="GetDirectories Method " Url="html/9e56e650-fceb-0525-aad3-faf8e0da56aa.htm" />
            <HelpTOCNode Title="GetDirectories Method (String)" Url="html/9acadc23-d63e-ba33-7a15-a757e5a7caab.htm" />
            <HelpTOCNode Title="GetDirectories Method (String, SearchOption)" Url="html/8e9a3005-1737-1b4d-37ca-ef061a274878.htm" />
          </HelpTOCNode>
          <HelpTOCNode Id="1ae4846b-3ec2-41a8-b1f1-05dc1a3183fc" Title="GetFiles Method " Url="html/cb9d0f1b-f528-64dc-faa3-d5461f21869d.htm">
            <HelpTOCNode Title="GetFiles Method " Url="html/3c3132bd-5513-d0d1-e55b-ac129012b288.htm" />
            <HelpTOCNode Title="GetFiles Method (String)" Url="html/83747ce8-37c3-7765-374a-dcc0737e4c0b.htm" />
            <HelpTOCNode Title="GetFiles Method (String, SearchOption)" Url="html/a0f7e544-5862-5ce4-db26-2aa19050bb02.htm" />
          </HelpTOCNode>
          <HelpTOCNode Id="acc3daf7-072a-49a9-9818-84fa4de0162a" Title="GetFileSystemEntries Method " Url="html/3207011c-3a94-e21f-cde9-0ee034d80646.htm">
            <HelpTOCNode Title="GetFileSystemEntries Method " Url="html/305f9e2c-298d-b551-59a1-6840c6898274.htm" />
            <HelpTOCNode Title="GetFileSystemEntries Method (String)" Url="html/41f2fc04-8597-b348-8352-931e1da5edf4.htm" />
            <HelpTOCNode Title="GetFileSystemEntries Method (String, SearchOption)" Url="html/47157557-4d09-a113-e676-806ae6686065.htm" />
          </HelpTOCNode>
          <HelpTOCNode Title="GetPathsTable Method " Url="html/50067eb4-ffd8-7797-7723-fc32f299a784.htm" />
          <HelpTOCNode Id="308461b2-ee2f-4de9-8e5a-ee392bac5066" Title="Open Method " Url="html/d639c275-6223-23e9-8131-6e3f3daf36aa.htm">
            <HelpTOCNode Title="Open Method (String)" Url="html/567a0c21-2e0e-72fc-b83f-907c928ca88f.htm" />
            <HelpTOCNode Title="Open Method (String, ImageFileFormat)" Url="html/22bcb0cd-d42e-1c3e-d017-20e2075dc75f.htm" />
          </HelpTOCNode>
        </HelpTOCNode>
        <HelpTOCNode Id="3147625b-d37f-4e38-b0c7-645de93e60c1" Title="SimpleIso9660Reader Events" Url="html/6bf7f023-8342-c63b-659f-bba2f310d51a.htm">
          <HelpTOCNode Title="Aborted Event" Url="html/503ada44-cafa-233c-11a0-d25519a9d8b9.htm" />
          <HelpTOCNode Title="Terminate Event" Url="html/5d42b7a9-669d-3ca7-1a03-3f313c5287a9.htm" />
        </HelpTOCNode>
      </HelpTOCNode>
    </HelpTOCNode>
    <HelpTOCNode Id="e7f0c3a0-c284-4a5a-b207-146cf0d95c08" Title="GomuLibrary.IO.DiscImage Namespace" Url="html/e258ceb5-44bf-be60-eaaa-2dc86948d07e.htm">
      <HelpTOCNode Id="d46e875a-2575-4e59-9398-273035954474" Title="IDiscImage Interface" Url="html/f9ab36db-7d03-833f-d155-fa69a4e18966.htm">
        <HelpTOCNode Title="IDiscImage Members" Url="html/bfc487d4-6de1-b6cc-a3e7-248226ba419f.htm" />
        <HelpTOCNode Id="957b9577-9b42-45af-b276-7d7b97f58add" Title="IDiscImage Methods " Url="html/737acb09-6c77-8d11-2337-76ab59422f06.htm">
          <HelpTOCNode Title="FirstDumpSector Method " Url="html/4eb5d4d1-c8c8-a46c-6966-71c605322ea4.htm" />
          <HelpTOCNode Title="GetSectorStucture Method " Url="html/32dd0ef4-6c1c-d993-cb2b-8152ab122236.htm" />
        </HelpTOCNode>
        <HelpTOCNode Id="5b4e1df5-c3c5-48d6-8131-50656bab6c44" Title="IDiscImage Properties " Url="html/c48c95be-0abd-7e90-6c97-713186a5665d.htm">
          <HelpTOCNode Title="ImagePath Property " Url="html/ba86d034-2f1f-0477-2f7a-fd33d537b119.htm" />
        </HelpTOCNode>
      </HelpTOCNode>
      <HelpTOCNode Title="ImageFileFormat Enumeration" Url="html/a2810d42-f2b9-eff4-cdd3-83d71084a493.htm" />
      <HelpTOCNode Id="7a6baf65-6fac-49ab-af99-71d6a9dfed0c" Title="Iso9660Conv Class" Url="html/cf50886f-8c3a-c810-9b0e-24a02b9df693.htm">
        <HelpTOCNode Title="Iso9660Conv Members" Url="html/eb9b6902-8481-023d-fe57-98554bf93fe1.htm" />
        <HelpTOCNode Id="0d4d8a26-9ab5-4f25-8ede-ac0036762e57" Title="Iso9660Conv Constructor " Url="html/190bd143-81ef-80bc-f358-977b93bfe98d.htm">
          <HelpTOCNode Title="Iso9660Conv Constructor " Url="html/c0f1faed-5136-a472-8127-e6fc0b23c283.htm" />
          <HelpTOCNode Title="Iso9660Conv Constructor (IDiscImage)" Url="html/be26591a-96b8-14bb-6f89-0bcad9cd8f4c.htm" />
        </HelpTOCNode>
        <HelpTOCNode Id="27d78958-f55c-45ee-9848-1afd2aeea935" Title="Iso9660Conv Methods " Url="html/ccda56fe-5eb3-ab30-dd6c-bb0f603f52a5.htm">
          <HelpTOCNode Title="Close Method " Url="html/01ecc0b6-4cc8-e455-c8ec-289bbc254968.htm" />
          <HelpTOCNode Id="892374cd-3b5c-412b-8fa7-0456c3c538fe" Title="Convert Method " Url="html/57b40586-c41c-0acc-7fa8-b8a34e454523.htm">
            <HelpTOCNode Title="Convert Method (String)" Url="html/ba059207-4a5e-8c19-4e9a-2194b621f928.htm" />
            <HelpTOCNode Title="Convert Method (IDiscImage, String)" Url="html/a571bceb-3590-d7e1-90ac-bb7fb516e3c5.htm" />
          </HelpTOCNode>
        </HelpTOCNode>
        <HelpTOCNode Id="66472fc5-8a7e-4ba4-9731-86ed6522884f" Title="Iso9660Conv Properties " Url="html/34ad0dfd-7e91-42ec-e15e-5275064b4b80.htm">
          <HelpTOCNode Title="DiscImage Property " Url="html/83ebbef5-1c42-287c-a52f-281ab9f2cab5.htm" />
        </HelpTOCNode>
        <HelpTOCNode Id="f644c0a6-3f22-4a12-bf8c-9963b94b98c0" Title="Iso9660Conv Events" Url="html/53290c5f-fc1d-6c2f-6e77-edc6ab1f81ab.htm">
          <HelpTOCNode Title="Progression Event" Url="html/95c31d1d-c79a-fc34-24ea-835bee6ff514.htm" />
          <HelpTOCNode Title="Terminate Event" Url="html/d39ea5c4-4d19-1fd0-d8e1-473fcbca0298.htm" />
        </HelpTOCNode>
      </HelpTOCNode>
      <HelpTOCNode Id="c64b06a6-f71d-46dd-9ffb-c54d25755912" Title="Iso9660Creator Class" Url="html/0aab6009-61a3-c3a4-786a-f2f348c151c6.htm">
        <HelpTOCNode Title="Iso9660Creator Members" Url="html/fd84c122-a855-5066-16d6-0bd72dae933e.htm" />
        <HelpTOCNode Title="Iso9660Creator Constructor " Url="html/b598e2bd-9aa5-52ea-55af-bba25a262c93.htm" />
        <HelpTOCNode Id="f254c30c-a36b-4be0-9f87-81d0d7438c98" Title="Iso9660Creator Fields" Url="html/a5edc6ec-e690-2ef7-92e6-4c0c655ce8fd.htm">
          <HelpTOCNode Title="BUFFER_SIZE_MAX Field" Url="html/1a11922e-3da2-7ade-d81a-2cab4e3f39ea.htm" />
          <HelpTOCNode Title="DEFAULT_BUFFER_SIZE Field" Url="html/5d487b3d-26fe-108f-135f-0baac3f8a95c.htm" />
        </HelpTOCNode>
        <HelpTOCNode Id="a5861a32-17f9-4306-85cc-76878da20fe3" Title="Iso9660Creator Methods " Url="html/69f63edd-0a49-f984-4019-aa703e534168.htm">
          <HelpTOCNode Title="Abort Method " Url="html/48d0044e-4cd0-e955-5f9b-4ea8ba0afb15.htm" />
          <HelpTOCNode Id="fd7ac292-a167-46a5-bb52-c34cdba31aa0" Title="CreateImage Method " Url="html/64322002-93a9-96e6-7665-b3d07c861d80.htm">
            <HelpTOCNode Title="CreateImage Method (String, String)" Url="html/b707198e-8374-ed63-5f8f-3472457975d8.htm" />
            <HelpTOCNode Title="CreateImage Method (String, String, Boolean)" Url="html/766dcd24-e778-11b1-3f8c-c60cd70d6295.htm" />
            <HelpTOCNode Title="CreateImage Method (String, String, Int32)" Url="html/c306c185-5607-ef00-2eee-0bdc56125c25.htm" />
            <HelpTOCNode Title="CreateImage Method (String, String, Boolean, Boolean)" Url="html/578b216e-a751-965b-3dee-92e0dd1851dc.htm" />
            <HelpTOCNode Title="CreateImage Method (String, String, Int32, Boolean)" Url="html/fbd74296-eaf9-d2da-04b7-69536bcda965.htm" />
            <HelpTOCNode Title="CreateImage Method (String, String, Boolean, Int32, Boolean)" Url="html/ce6de9a9-1230-72f5-3528-ecd0aa3f5c4b.htm" />
          </HelpTOCNode>
          <HelpTOCNode Id="d1f49150-0680-42e5-8763-d34b2d726372" Title="Dispose Method " Url="html/fbd17da7-0536-54df-91aa-5c92d7bd4791.htm">
            <HelpTOCNode Title="Dispose Method " Url="html/0950f5c7-e1aa-98ca-3e26-6c6def453ba0.htm" />
            <HelpTOCNode Title="Dispose Method (Boolean)" Url="html/d6a43896-9e9d-b37c-77a7-6d2a768e3ac0.htm" />
          </HelpTOCNode>
        </HelpTOCNode>
        <HelpTOCNode Id="fcd94c74-f96b-42e0-af48-56a77ea2f637" Title="Iso9660Creator Events" Url="html/d405b9c5-47e9-05fc-c823-1d320e74f563.htm">
          <HelpTOCNode Title="Aborted Event" Url="html/a423def8-b097-5bc3-f86d-25650eb97a95.htm" />
          <HelpTOCNode Title="Progression Event" Url="html/3eaca65e-c7a2-e7de-9ff8-c935800cf746.htm" />
          <HelpTOCNode Title="Terminate Event" Url="html/15d44854-54b5-6a4d-9b06-e2a5ca86d3e8.htm" />
        </HelpTOCNode>
      </HelpTOCNode>
      <HelpTOCNode Id="7e3676eb-ea33-48b5-8b55-18bee213c605" Title="Iso9660CreatorEventArgs Class" Url="html/72d93e77-a4ad-a3d4-ea00-1336d207b64b.htm">
        <HelpTOCNode Title="Iso9660CreatorEventArgs Members" Url="html/f721fd6f-3801-ae5b-77dd-1cfa78cdb7bb.htm" />
        <HelpTOCNode Id="aa011e6e-1ab9-4bfb-8ed4-ba8a759bc94e" Title="Iso9660CreatorEventArgs Constructor " Url="html/174c7df8-bf06-2632-9ed7-16f3365aca64.htm">
          <HelpTOCNode Title="Iso9660CreatorEventArgs Constructor " Url="html/eaec47c9-f464-abc1-5025-60853bbadf84.htm" />
          <HelpTOCNode Title="Iso9660CreatorEventArgs Constructor (Int64, Int64)" Url="html/072d0b82-e84c-6d2d-e50c-8cd032f516f9.htm" />
        </HelpTOCNode>
        <HelpTOCNode Id="b659fb7c-f036-44fa-b431-00c298a68cdb" Title="Iso9660CreatorEventArgs Properties " Url="html/3c8c20d2-83cf-72de-fca8-c393b4cceaf5.htm">
          <HelpTOCNode Title="BytesWritted Property " Url="html/8d3508c9-ca7d-cb86-56c6-8d857351d7cf.htm" />
          <HelpTOCNode Title="DiscLength Property " Url="html/9d4cbf55-ef4a-1943-20ae-4eb2306d124b.htm" />
        </HelpTOCNode>
      </HelpTOCNode>
      <HelpTOCNode Id="92ded3b2-c8e4-44c3-a76b-f2828f71bfa9" Title="PathTableRecordPub Structure" Url="html/97e89a37-b6a3-3039-d3e7-cad81e9b4f62.htm">
        <HelpTOCNode Title="PathTableRecordPub Members" Url="html/273bdf52-512b-4c1b-2f75-5c3c8a65dce6.htm" />
        <HelpTOCNode Id="ce906929-9724-4599-807f-31cc1b10c06f" Title="PathTableRecordPub Fields" Url="html/79773765-d46e-be4e-e0b4-600e8e9ebccf.htm">
          <HelpTOCNode Title="Extent Field" Url="html/3577a4e5-18d3-2b35-756d-27410d70d1c9.htm" />
          <HelpTOCNode Title="ExtentLocation Field" Url="html/22c33bd1-ddf1-52d8-add7-a25dbf18034e.htm" />
          <HelpTOCNode Title="Name Field" Url="html/d1321236-168b-efe6-9013-7e6887ec1241.htm" />
          <HelpTOCNode Title="Number Field" Url="html/c8d8b47c-6e1b-6f7f-7947-efb81215c51c.htm" />
          <HelpTOCNode Title="ParentNumber Field" Url="html/986f8cdd-d33f-a7b2-b616-971b5d7fe6d2.htm" />
        </HelpTOCNode>
      </HelpTOCNode>
      <HelpTOCNode Id="97e06b18-c8f3-4717-8b48-396141c9f2c5" Title="RecordEntryInfo Structure" Url="html/535d9633-5060-ad70-c70b-06e9b4491d79.htm">
        <HelpTOCNode Title="RecordEntryInfo Members" Url="html/c7037693-52b1-1ce9-3c26-8bc621401279.htm" />
        <HelpTOCNode Title="RecordEntryInfo Constructor " Url="html/f4ef811c-5d3b-2f16-7759-f0ea52da3d4d.htm" />
        <HelpTOCNode Id="34636dff-bbec-4c5f-8dd5-946cfbd3e412" Title="RecordEntryInfo Fields" Url="html/f0728d15-9fd4-6a6a-7d6d-4b7cedd6a806.htm">
          <HelpTOCNode Title="Date Field" Url="html/f0f99946-7689-167a-9666-c1587e4102bc.htm" />
          <HelpTOCNode Title="Directory Field" Url="html/eaac893f-ff13-3ac7-1487-828f10b3064e.htm" />
          <HelpTOCNode Title="Extent Field" Url="html/b7d9caaf-98b4-561f-1431-aceae2a7d8a2.htm" />
          <HelpTOCNode Title="FullPath Field" Url="html/0bec30e6-84f3-4615-c072-23e1a192d042.htm" />
          <HelpTOCNode Title="Hidden Field" Url="html/64659d0b-5395-adef-0170-9256585dfe07.htm" />
          <HelpTOCNode Title="Name Field" Url="html/2d6ed60a-a632-d074-616b-a4066f8a9da9.htm" />
          <HelpTOCNode Title="Size Field" Url="html/14851f1e-93de-889a-3795-4ae0376d8791.htm" />
        </HelpTOCNode>
        <HelpTOCNode Id="719c82be-5684-4c0f-bec7-f82bf837e1e1" Title="RecordEntryInfo Methods " Url="html/82db54a3-af59-2b77-6a88-9750ff9b9727.htm">
          <HelpTOCNode Title="GetDate Method " Url="html/89896688-12fc-ed1a-1546-0114c5a05d63.htm" />
        </HelpTOCNode>
      </HelpTOCNode>
      <HelpTOCNode Id="660faef0-ec76-40c5-81d2-4a5af9311098" Title="SectorStructure Structure" Url="html/6908bdbf-737a-b18e-37b1-d9cf9eb797b7.htm">
        <HelpTOCNode Title="SectorStructure Members" Url="html/87cfbf49-8271-48f3-0cfb-43884703ba63.htm" />
        <HelpTOCNode Title="SectorStructure Constructor " Url="html/65418b52-25fb-01c1-b0cb-714854eaf418.htm" />
        <HelpTOCNode Id="9f7606a5-717b-4306-b370-f92327c6c37c" Title="SectorStructure Fields" Url="html/474286f8-6dfd-73b6-e230-1eb8c1003aee.htm">
          <HelpTOCNode Title="sectorLength Field" Url="html/dc11ff45-67ce-6d67-4c17-fabf40f90ffe.htm" />
          <HelpTOCNode Title="userDataOffset Field" Url="html/e362bf79-395d-eefb-3614-658440ae7674.htm" />
        </HelpTOCNode>
      </HelpTOCNode>
      <HelpTOCNode Id="c20d6e05-b98e-4c8a-adfc-7e987ff518dc" Title="VolumeInfo Class" Url="html/a94deef9-2f88-1f44-aa2f-db08bc0e0ea1.htm">
        <HelpTOCNode Title="VolumeInfo Members" Url="html/27fe831a-365f-ff2a-3ce6-0cc2719635f3.htm" />
        <HelpTOCNode Id="7fdaf35b-1e19-45e9-a68a-cef74a211ae3" Title="VolumeInfo Properties " Url="html/425f2477-e841-78f1-fa8e-8eb17880393b.htm">
          <HelpTOCNode Title="ApplicationId Property " Url="html/4f971c8d-174d-886b-7489-b47173c66d5f.htm" />
          <HelpTOCNode Title="CopyrightFileID Property " Url="html/799a189c-b246-e8bd-d8bf-8b73066ddcbe.htm" />
          <HelpTOCNode Title="CreationDate Property " Url="html/7b402bf2-d0b7-2c24-3ca9-a3420c9080f3.htm" />
          <HelpTOCNode Title="ExpirationDate Property " Url="html/4396bd52-7b31-5a3b-461b-1d72d3fd7ec4.htm" />
          <HelpTOCNode Title="LogicalBlockSize Property " Url="html/52aecc6e-eaa4-e04f-19b6-2ada8ff8bbec.htm" />
          <HelpTOCNode Title="ModificationDate Property " Url="html/783e8761-0aaf-ff68-e7d4-fba05589bcc5.htm" />
          <HelpTOCNode Title="PreparerId Property " Url="html/6be61cc4-ff00-9a9f-b710-49bc75d79631.htm" />
          <HelpTOCNode Title="PublisherId Property " Url="html/4f9fa8de-3ae9-a2df-eed2-d6c09aad7627.htm" />
          <HelpTOCNode Title="StandardId Property " Url="html/e3ce55c8-047f-4a31-5d72-652ebf404b0d.htm" />
          <HelpTOCNode Title="SystemId Property " Url="html/2722febf-1440-c594-067f-d4e7ec5b8292.htm" />
          <HelpTOCNode Title="Type Property " Url="html/5014af49-87a1-376e-48d5-0f83861423c6.htm" />
          <HelpTOCNode Title="Version Property " Url="html/4c7e76b1-7794-56b6-3ed0-30a1809b422f.htm" />
          <HelpTOCNode Title="VolumeId Property " Url="html/ce1d1ba4-090c-7811-38f0-55eb3fbf976f.htm" />
          <HelpTOCNode Title="VolumeSequenceNumber Property " Url="html/b2da12bd-32b6-02d9-824b-0b3f9f412369.htm" />
          <HelpTOCNode Title="VolumeSpaceSize Property " Url="html/1535e45b-679c-fd7f-59b1-8bdde6e69439.htm" />
        </HelpTOCNode>
      </HelpTOCNode>
      <HelpTOCNode Title="VolumeType Enumeration" Url="html/dfd2954b-0302-c1c6-d902-4a6d0ca70c3f.htm" />
    </HelpTOCNode>
    <HelpTOCNode Id="0acb16ee-c4d9-4068-9967-6158ba7125c3" Title="GomuLibrary.IO.DiscImage.Type Namespace" Url="html/d01925e2-5324-60da-4016-d476e55e585d.htm">
      <HelpTOCNode Id="bf3eb0e4-aaa6-4560-9a8d-1389ed25feb2" Title="BinType Class" Url="html/50082296-a1b8-7ed9-78fc-b9241f5f0354.htm">
        <HelpTOCNode Title="BinType Members" Url="html/5aa17a9f-fcf4-c12a-7bed-2aa63342bde0.htm" />
        <HelpTOCNode Title="BinType Constructor " Url="html/47b59ab9-9947-abdf-999d-1ff7dc8c4121.htm" />
        <HelpTOCNode Id="b15ec43b-832b-45ca-8deb-78a37c5ef757" Title="BinType Methods " Url="html/d265e1b5-cb37-6536-fd56-b79cd4b18372.htm">
          <HelpTOCNode Title="FirstDumpSector Method " Url="html/7645582e-966c-4548-3393-7cf90ae2d2c5.htm" />
          <HelpTOCNode Title="GetSectorStucture Method " Url="html/9aedcd31-a605-b7c1-0965-a1eb8c0781b2.htm" />
        </HelpTOCNode>
        <HelpTOCNode Id="19549fad-645b-4ef5-8c63-40b122202243" Title="BinType Properties " Url="html/9569a1d8-053d-cb5f-1f67-2e8c5d9ab21e.htm">
          <HelpTOCNode Title="ImagePath Property " Url="html/58f4d199-9a9c-ccdf-dfe8-2d5dfd22dc9e.htm" />
        </HelpTOCNode>
      </HelpTOCNode>
      <HelpTOCNode Id="998837c3-a6de-4770-bac7-6cb7d5085bcc" Title="CcdType Class" Url="html/8055130d-f6e4-337c-b747-3ab6fe6f5262.htm">
        <HelpTOCNode Title="CcdType Members" Url="html/c72ef965-2d0e-ab54-a1c3-cdd28c091b02.htm" />
        <HelpTOCNode Title="CcdType Constructor " Url="html/3a4e8f68-2f9e-5fad-6649-87c1dc57f002.htm" />
        <HelpTOCNode Id="7c16abe1-2cc4-4e02-b0e6-3188717a5459" Title="CcdType Methods " Url="html/5e3d462f-ee51-b86d-e929-8f3301f56d99.htm">
          <HelpTOCNode Title="FirstDumpSector Method " Url="html/a07ac3b5-2df0-9612-8e2f-91140c9c5b7a.htm" />
          <HelpTOCNode Title="GetSectorStucture Method " Url="html/89b42d7b-91a3-9ab4-918b-50d411098dbc.htm" />
        </HelpTOCNode>
        <HelpTOCNode Id="e9c54e10-164c-4025-be41-8725427749ce" Title="CcdType Properties " Url="html/75f0449b-a931-b089-361d-7e584afdf276.htm">
          <HelpTOCNode Title="ImagePath Property " Url="html/837f5143-960e-7f43-9897-8732a9df765d.htm" />
        </HelpTOCNode>
      </HelpTOCNode>
      <HelpTOCNode Id="1458294b-887c-4716-83ec-e5bc25f45bc6" Title="CdiType Class" Url="html/5ec65ff2-2046-98c7-122b-ab79168973f8.htm">
        <HelpTOCNode Title="CdiType Members" Url="html/a86a650d-81fd-2c4a-8c38-2db9ce4925d8.htm" />
        <HelpTOCNode Title="CdiType Constructor " Url="html/18190fde-24b2-d2e3-59c8-d2dc849f0b9a.htm" />
        <HelpTOCNode Id="51ca395c-10a4-4cbf-a164-d85a3ffb78e4" Title="CdiType Methods " Url="html/74f3020e-3171-4bff-97a0-39870128395b.htm">
          <HelpTOCNode Title="FirstDumpSector Method " Url="html/0756cc78-145f-4fe1-ad07-b87d87b51da2.htm" />
          <HelpTOCNode Title="GetSectorStucture Method " Url="html/4312e617-41a6-b340-df4d-2a8cc0c383e8.htm" />
        </HelpTOCNode>
        <HelpTOCNode Id="7d612f92-4f69-4741-b974-ebac324f78b6" Title="CdiType Properties " Url="html/5c288f2e-3fdd-8b88-6c6c-33bdf743d4d5.htm">
          <HelpTOCNode Title="ImagePath Property " Url="html/eb6f4e8c-15d5-0fa3-c7f2-88cee088ca40.htm" />
        </HelpTOCNode>
      </HelpTOCNode>
      <HelpTOCNode Id="2b1ab3c0-24e4-453d-a3cd-294a81e85033" Title="MdfType Class" Url="html/bc2a5f2d-85cf-42a5-d352-90922f1b7587.htm">
        <HelpTOCNode Title="MdfType Members" Url="html/d6844f45-06ad-e841-371c-316ee4a4523c.htm" />
        <HelpTOCNode Title="MdfType Constructor " Url="html/a6a9f844-3c45-f94b-0440-834b4b6a3acc.htm" />
        <HelpTOCNode Id="9ef25ccf-b0bc-4dfd-9569-483af0b38990" Title="MdfType Methods " Url="html/e92d1930-9332-798f-29f2-004dd70de4c5.htm">
          <HelpTOCNode Title="FirstDumpSector Method " Url="html/e43f5f71-1a68-2f03-86e6-f40e00c91a34.htm" />
          <HelpTOCNode Title="GetSectorStucture Method " Url="html/b3ab4683-92c2-554f-9504-eb3c6278a60c.htm" />
        </HelpTOCNode>
        <HelpTOCNode Id="daeecf6f-dc5b-4625-9c1b-2c2fc76e41bf" Title="MdfType Properties " Url="html/02c8a468-3d40-8a76-f2d3-977ef5dc5b95.htm">
          <HelpTOCNode Title="ImagePath Property " Url="html/f40930f7-e2c9-654f-6410-aa4ba3015e5e.htm" />
        </HelpTOCNode>
      </HelpTOCNode>
      <HelpTOCNode Id="ec986c99-b32c-4698-ad35-ebc838e235e7" Title="NrgType Class" Url="html/4d1e7763-96bb-d1e8-398c-dfd3804e45c3.htm">
        <HelpTOCNode Title="NrgType Members" Url="html/099e96cb-cefd-d194-d4fa-8d1d4d51f5f0.htm" />
        <HelpTOCNode Title="NrgType Constructor " Url="html/d963bca3-5a31-d4eb-a241-52ce9b010c95.htm" />
        <HelpTOCNode Id="36533376-3259-4677-90b2-2c03c672ea53" Title="NrgType Methods " Url="html/bd7d14f1-f27f-2022-8829-b644dbe45b7c.htm">
          <HelpTOCNode Title="FirstDumpSector Method " Url="html/e2a7bc8a-fd3c-91b4-1137-3205004d6ce9.htm" />
          <HelpTOCNode Title="GetSectorStucture Method " Url="html/620392dd-b783-0ccd-88ec-1f719f510121.htm" />
        </HelpTOCNode>
        <HelpTOCNode Id="f7910088-13aa-4b84-b0aa-213b3c1bf423" Title="NrgType Properties " Url="html/68c63800-1cbf-1f1e-5707-71821c912939.htm">
          <HelpTOCNode Title="ImagePath Property " Url="html/34e75353-85db-aaad-e569-e6b3a34c87fa.htm" />
        </HelpTOCNode>
      </HelpTOCNode>
    </HelpTOCNode>
  </HelpTOCNode>
</HelpTOC>